,fs,Min Scale,Max Scale
0,16000,-39.398677825927734,5.634936809539795
