,Min broadband Scale,Max broadband Scale,Min narrowband Scale,Max narrowband Scale,Min wvlt Scale,Max wvlt Scale
0,-34.22602081298828,2.134329319000244,-48.82197189331055,6.156656265258789,-7.139228700424476,6.826027342065529
