,Min nb Scale,Max nb Scale,Min bb Scale,Max bb Scale
0,-26.888696670532227,6.146491527557373,-33.1494026184082,2.1258137226104736
