,Min spec Scale,Max spec Scale,Min wvlt Scale,Max wvlt Scale
0,-41.0749397277832,6.720702171325684,-10.429498640058068,10.460396126590783
